id,start_time,end_time
0,2021-12-15T00:23:40,2021-12-16T11:31:20
1,2021-12-16T13:53:50,2021-12-16T14:06:20
2,2021-12-16T15:42:50,2021-12-16T15:50:20
3,2021-12-16T16:32:40,2021-12-17T00:35:30
4,2021-12-17T03:18:40,2021-12-17T04:21:40
5,2021-12-17T09:38:00,2021-12-17T09:58:40
6,2021-12-17T11:43:20,2021-12-18T20:38:30
7,2021-12-19T07:18:00,2021-12-19T18:53:40
8,2021-12-20T00:56:10,2021-12-20T04:48:10
9,2021-12-20T07:29:00,2021-12-20T09:11:30
10,2021-12-20T13:21:20,2021-12-20T14:11:00
11,2021-12-20T17:28:50,2021-12-29T09:24:50
12,2021-12-29T14:19:50,2021-12-29T14:33:20
13,2021-12-29T15:53:50,2021-12-29T16:19:30
14,2021-12-29T21:44:30,2022-01-03T06:15:10
15,2022-01-03T09:51:50,2022-01-06T23:21:50
16,2022-01-07T11:02:10,2022-01-07T11:46:00
17,2022-01-07T14:15:00,2022-01-07T16:30:30
18,2022-01-07T19:06:30,2022-01-07T19:10:40
19,2022-01-07T21:08:30,2022-01-09T02:52:10
20,2022-01-09T04:51:10,2022-01-09T05:08:20
21,2022-01-12T08:35:20,2022-01-12T17:00:00
22,2022-01-12T21:08:30,2022-01-13T04:22:00
23,2022-01-13T14:24:20,2022-01-14T01:12:40
24,2022-01-14T07:23:30,2022-01-14T08:09:00
25,2022-01-14T09:15:00,2022-01-14T13:28:50
26,2022-01-14T22:27:10,2022-01-14T22:55:10
27,2022-01-15T16:56:10,2022-01-16T03:03:40
28,2022-01-16T06:48:30,2022-01-16T06:51:50
29,2022-01-16T13:37:30,2022-01-16T18:59:30
30,2022-01-16T20:22:40,2022-01-16T20:29:00
31,2022-01-17T18:41:50,2022-01-19T10:51:10
32,2022-01-19T19:01:20,2022-01-19T19:13:50
33,2022-01-20T20:55:00,2022-01-20T20:59:10
34,2022-01-21T04:17:10,2022-01-21T04:31:10
35,2022-01-21T06:00:30,2022-01-21T07:19:30
36,2022-01-21T10:23:30,2022-01-21T13:17:10
37,2022-01-21T14:27:40,2022-01-21T19:17:10
38,2022-01-21T21:27:30,2022-01-22T01:03:20
39,2022-01-22T02:07:40,2022-01-22T09:47:10
40,2022-01-22T18:10:40,2022-01-23T02:35:50
41,2022-01-23T04:14:10,2022-01-23T04:27:00
42,2022-01-23T13:59:40,2022-01-24T15:10:30
43,2022-01-24T18:16:30,2022-01-24T18:54:40
44,2022-01-24T21:17:20,2022-01-24T21:34:30
45,2022-01-26T09:23:00,2022-01-26T09:49:50
46,2022-01-26T11:19:20,2022-01-26T13:31:10
47,2022-01-26T14:51:30,2022-01-26T16:25:50
48,2022-01-26T22:15:30,2022-01-26T22:18:10
49,2022-01-26T23:01:30,2022-01-27T00:25:20
50,2022-01-27T02:47:40,2022-01-27T05:11:00
51,2022-01-27T06:34:50,2022-01-27T11:28:00
52,2022-01-27T16:55:50,2022-01-27T19:28:00
53,2022-01-28T10:18:30,2022-01-28T20:13:40
54,2022-01-28T21:46:00,2022-01-28T22:27:20
55,2022-01-28T23:36:40,2022-01-29T00:15:20
56,2022-01-29T01:37:00,2022-01-29T02:10:50
57,2022-01-29T06:53:20,2022-01-29T07:15:00
58,2022-01-29T08:46:50,2022-01-29T11:11:40
59,2022-01-29T17:38:50,2022-01-31T04:30:50
60,2022-01-31T22:45:00,2022-02-01T22:24:30
61,2022-02-02T21:32:30,2022-02-02T21:52:20
62,2022-02-03T14:43:20,2022-02-03T17:25:30
63,2022-02-03T22:59:50,2022-02-04T21:32:50
64,2022-02-04T22:15:10,2022-02-04T22:17:40
65,2022-02-05T04:59:20,2022-02-05T20:38:30
66,2022-02-06T00:07:10,2022-02-06T00:43:40
67,2022-02-06T03:48:40,2022-02-06T11:52:10
68,2022-02-06T12:44:10,2022-02-06T17:08:50
69,2022-02-07T05:54:10,2022-02-07T06:06:40
70,2022-02-07T06:34:30,2022-02-07T11:19:00
71,2022-02-07T15:08:30,2022-02-07T15:09:20
72,2022-02-07T15:55:10,2022-02-07T15:57:10
73,2022-02-08T02:18:20,2022-02-08T09:00:40
74,2022-02-08T18:43:50,2022-02-08T19:14:30
75,2022-02-09T08:10:10,2022-02-09T10:44:20
76,2022-02-09T12:21:50,2022-02-10T01:05:50
77,2022-02-10T09:29:40,2022-02-10T09:31:20
78,2022-02-10T13:45:40,2022-02-10T18:14:20
79,2022-02-10T18:56:40,2022-02-10T19:03:00
80,2022-02-10T20:14:30,2022-02-10T20:27:00
81,2022-02-10T21:56:30,2022-02-10T22:15:40
82,2022-02-11T01:17:00,2022-02-11T22:17:50
83,2022-02-12T14:56:40,2022-02-12T16:02:50
84,2022-02-12T19:05:30,2022-02-13T00:41:40
85,2022-02-13T02:20:10,2022-02-13T04:48:20
86,2022-02-13T05:32:00,2022-02-13T05:35:40
87,2022-02-13T07:36:30,2022-02-13T07:43:30
88,2022-02-13T08:13:50,2022-02-13T08:14:20
89,2022-02-13T17:42:00,2022-02-14T05:57:10
90,2022-02-14T06:38:30,2022-02-14T13:42:00
91,2022-02-14T17:47:00,2022-02-14T18:13:50
92,2022-02-14T19:35:50,2022-02-14T19:53:20
93,2022-02-14T20:40:20,2022-02-14T20:49:40
94,2022-02-14T21:41:00,2022-02-14T21:58:50
95,2022-02-14T22:28:20,2022-02-14T22:28:40
96,2022-02-15T05:08:20,2022-02-15T07:20:20
97,2022-02-15T09:34:20,2022-02-15T10:53:50
98,2022-02-15T11:31:00,2022-02-15T12:43:30
99,2022-02-15T17:39:50,2022-02-15T18:22:00
100,2022-02-15T21:08:50,2022-02-16T07:06:40
101,2022-02-16T10:21:40,2022-02-16T10:57:40
102,2022-02-16T13:53:30,2022-02-16T14:10:10
103,2022-02-16T14:45:20,2022-02-16T16:13:00
104,2022-02-16T17:37:40,2022-02-16T22:10:20
105,2022-02-16T22:52:30,2022-02-16T23:42:10
106,2022-02-17T19:59:10,2022-02-19T01:30:20
107,2022-02-19T15:36:50,2022-02-19T23:52:40
108,2022-02-20T02:49:50,2022-02-20T02:52:00
109,2022-02-20T08:01:40,2022-02-22T22:10:50
110,2022-02-24T21:35:10,2022-02-24T22:00:40
111,2022-02-25T18:49:50,2022-02-25T18:53:00
112,2022-02-25T20:57:40,2022-02-25T23:52:40
113,2022-02-27T15:19:00,2022-02-27T15:26:00
114,2022-02-28T14:47:20,2022-02-28T14:58:30
115,2022-02-28T15:50:40,2022-02-28T15:56:10
116,2022-02-28T16:52:20,2022-02-28T17:15:00
117,2022-02-28T23:01:40,2022-03-01T00:13:10
118,2022-03-01T01:26:20,2022-03-01T02:13:00
119,2022-03-01T08:04:50,2022-03-01T08:48:00
120,2022-03-01T09:30:40,2022-03-01T09:52:20
121,2022-03-01T10:48:00,2022-03-01T10:49:40
122,2022-03-01T16:47:40,2022-03-01T16:48:00
123,2022-03-01T18:55:40,2022-03-01T19:04:50
124,2022-03-01T21:36:50,2022-03-01T21:46:30
125,2022-03-01T22:18:00,2022-03-01T22:19:10
126,2022-03-02T05:04:30,2022-03-03T00:04:50
127,2022-03-03T18:07:00,2022-03-03T18:29:30
128,2022-03-04T12:14:10,2022-03-04T12:43:30
129,2022-03-04T13:55:50,2022-03-04T13:57:10
130,2022-03-04T22:36:20,2022-03-04T22:37:10
131,2022-03-04T23:29:40,2022-03-04T23:30:10
132,2022-03-05T17:27:30,2022-03-05T17:40:50
133,2022-03-05T18:48:50,2022-03-05T18:49:10
134,2022-03-06T06:07:10,2022-03-06T21:37:40
135,2022-03-07T17:15:20,2022-03-07T17:15:40
136,2022-03-08T17:20:00,2022-03-09T07:37:10
137,2022-03-09T20:14:40,2022-03-09T21:17:40
138,2022-03-09T22:07:40,2022-03-09T22:11:00
139,2022-03-09T23:11:40,2022-03-09T23:41:20
140,2022-03-10T00:36:40,2022-03-10T01:13:10
141,2022-03-11T00:24:30,2022-03-11T08:40:10
142,2022-03-11T14:51:50,2022-03-11T15:14:20
143,2022-03-11T16:41:50,2022-03-11T23:26:40
144,2022-03-12T03:42:40,2022-03-12T03:56:10
145,2022-03-12T13:29:00,2022-03-12T13:30:40
146,2022-03-12T14:39:10,2022-03-12T14:43:30
147,2022-03-12T15:25:30,2022-03-12T15:28:10
148,2022-03-12T19:29:00,2022-03-12T19:38:50
149,2022-03-12T20:07:40,2022-03-12T21:43:10
150,2022-03-12T22:28:40,2022-03-13T00:51:30
151,2022-03-13T14:04:00,2022-03-13T14:51:20
152,2022-03-13T15:20:30,2022-03-13T15:48:10
153,2022-03-13T16:45:20,2022-03-13T17:34:40
154,2022-03-13T21:14:20,2022-03-13T21:45:40
155,2022-03-13T22:17:40,2022-03-13T22:18:00
156,2022-03-13T23:53:50,2022-03-14T00:02:30
157,2022-03-16T02:10:20,2022-03-16T02:45:10
158,2022-03-16T05:37:20,2022-03-16T06:04:50
159,2022-03-16T22:09:10,2022-03-16T22:14:20
160,2022-03-17T22:35:30,2022-03-17T22:36:50
161,2022-03-18T04:18:10,2022-03-18T16:55:50
162,2022-03-20T13:40:20,2022-03-20T15:58:20
163,2022-03-22T00:01:10,2022-03-22T03:58:10
164,2022-03-23T15:53:50,2022-03-23T16:15:50
165,2022-03-23T16:44:30,2022-03-23T17:03:00
166,2022-03-24T21:50:00,2022-03-24T22:29:00
167,2022-03-25T08:39:30,2022-03-25T13:09:20
168,2022-03-25T17:51:50,2022-03-25T19:25:50
169,2022-03-25T21:57:30,2022-03-26T00:05:40
170,2022-03-27T13:54:50,2022-03-27T15:39:10
171,2022-03-27T18:28:10,2022-03-27T18:29:20
172,2022-03-27T20:24:50,2022-03-27T20:25:40
173,2022-03-27T21:43:50,2022-03-27T21:45:00
174,2022-03-29T20:28:00,2022-03-29T20:42:00
175,2022-03-29T21:13:40,2022-03-30T12:10:30
176,2022-03-30T13:17:00,2022-03-30T19:20:50
177,2022-03-30T20:56:20,2022-03-30T21:16:40
178,2022-03-31T13:32:40,2022-03-31T13:36:50
179,2022-03-31T20:09:00,2022-03-31T20:52:20
180,2022-03-31T23:24:00,2022-03-31T23:25:00
181,2022-04-01T16:01:50,2022-04-01T16:20:40
182,2022-04-01T21:00:40,2022-04-01T21:49:30
183,2022-04-02T03:25:10,2022-04-02T03:26:20
184,2022-04-02T04:56:00,2022-04-02T05:07:40
185,2022-04-02T18:08:20,2022-04-02T18:25:30
186,2022-04-04T10:59:20,2022-04-04T11:26:30
187,2022-04-04T15:25:20,2022-04-04T20:49:40
188,2022-04-05T08:52:20,2022-04-07T17:10:50
189,2022-04-08T17:42:40,2022-04-08T18:07:10
190,2022-04-09T18:07:20,2022-04-09T18:12:10
191,2022-04-09T18:41:00,2022-04-09T19:11:30
192,2022-04-09T19:41:20,2022-04-09T22:04:10
193,2022-04-10T08:19:20,2022-04-10T10:41:20
194,2022-04-10T17:27:50,2022-04-10T17:34:20
195,2022-04-10T18:39:30,2022-04-10T20:35:40
196,2022-04-10T21:10:30,2022-04-10T21:37:40
197,2022-04-11T19:44:50,2022-04-11T20:32:30
198,2022-04-11T21:08:50,2022-04-11T21:10:30
199,2022-04-12T13:26:10,2022-04-13T17:53:00
200,2022-04-14T07:04:50,2022-04-16T00:09:50
201,2022-04-16T16:40:30,2022-04-16T16:49:00
202,2022-04-16T19:15:40,2022-04-17T00:11:30
203,2022-04-17T13:00:20,2022-04-18T12:56:20
204,2022-04-19T21:55:50,2022-04-19T21:58:20
205,2022-04-19T22:25:30,2022-04-19T22:45:40
206,2022-04-20T12:06:20,2022-04-20T16:50:20
207,2022-04-20T21:21:00,2022-04-20T23:07:40
208,2022-04-22T06:52:00,2022-04-25T19:58:40
209,2022-04-26T04:21:50,2022-04-26T04:24:40
210,2022-04-26T04:54:40,2022-04-26T07:19:50
211,2022-04-26T09:01:20,2022-04-26T09:56:20
212,2022-04-26T11:39:30,2022-04-26T11:40:40
213,2022-04-26T13:38:30,2022-04-26T13:38:50
214,2022-04-29T12:15:50,2022-05-01T21:03:30
215,2022-05-02T08:42:30,2022-05-02T17:48:40
216,2022-05-04T10:38:20,2022-05-04T12:35:20
217,2022-05-04T20:22:40,2022-05-04T20:26:00
218,2022-05-05T15:07:50,2022-05-05T15:08:50
219,2022-05-05T16:42:30,2022-05-05T16:43:30
220,2022-05-05T21:19:50,2022-05-05T22:06:10
221,2022-05-05T23:04:40,2022-05-05T23:05:50
222,2022-05-05T23:54:10,2022-05-06T00:11:50
223,2022-05-06T00:46:00,2022-05-06T01:11:30
224,2022-05-06T01:57:30,2022-05-06T02:07:20
225,2022-05-06T09:50:50,2022-05-06T09:52:50
226,2022-05-06T11:46:40,2022-05-06T13:25:50
227,2022-05-06T14:02:10,2022-05-06T14:07:00
228,2022-05-06T20:13:00,2022-05-06T21:31:50
229,2022-05-07T00:25:20,2022-05-07T01:14:20
230,2022-05-07T02:56:50,2022-05-07T03:16:30
231,2022-05-07T10:03:10,2022-05-07T11:30:30
232,2022-05-07T19:41:30,2022-05-07T20:05:10
233,2022-05-07T23:26:30,2022-05-08T01:02:50
234,2022-05-08T01:50:20,2022-05-08T04:56:10
235,2022-05-08T11:03:00,2022-05-08T12:43:10
236,2022-05-08T14:26:20,2022-05-08T14:44:00
237,2022-05-08T15:15:00,2022-05-08T15:58:00
238,2022-05-09T05:29:00,2022-05-09T06:43:50
239,2022-05-09T09:13:30,2022-05-09T22:38:20